<?xml version="1.0" encoding="UTF-8"?>
<project-private xmlns="http://www.netbeans.org/ns/project-private/1">
    <editor-bookmarks xmlns="http://www.netbeans.org/ns/editor-bookmarks/2" lastBookmarkId="0"/>
    <open-files xmlns="http://www.netbeans.org/ns/projectui-open-files/2">
        <group>
            <file>file:/C:/Users/DELL/Documents/NetBeansProjects/TIED/src/tied/ImageEncrypt.java</file>
            <file>file:/C:/Users/DELL/Documents/NetBeansProjects/TIED/src/tied/TIED.java</file>
            <file>file:/C:/Users/DELL/Documents/NetBeansProjects/TIED/src/tied/Home.java</file>
            <file>file:/C:/Users/DELL/Documents/NetBeansProjects/TIED/src/tied/AESAlgorithm.java</file>
            <file>file:/C:/Users/DELL/Documents/NetBeansProjects/TIED/src/tied/Login.java</file>
            <file>file:/C:/Users/DELL/Documents/NetBeansProjects/TIED/src/tied/Start.java</file>
            <file>file:/C:/Users/DELL/Documents/NetBeansProjects/TIED/src/tied/Connect.java</file>
            <file>file:/C:/Users/DELL/Documents/NetBeansProjects/TIED/src/tied/ListTextEncrypted.java</file>
            <file>file:/C:/Users/DELL/Documents/NetBeansProjects/TIED/src/tied/TextDecrypt.java</file>
            <file>file:/C:/Users/DELL/Documents/NetBeansProjects/TIED/src/tied/ListImageEncrypted.java</file>
            <file>file:/C:/Users/DELL/Documents/NetBeansProjects/TIED/src/tied/TextEncrypt.java</file>
            <file>file:/C:/Users/DELL/Documents/NetBeansProjects/TIED/src/tied/imageDecrypt.java</file>
            <file>file:/C:/Users/DELL/Documents/NetBeansProjects/TIED/src/tied/ListTextDecrypted.java</file>
            <file>file:/C:/Users/DELL/Documents/NetBeansProjects/TIED/src/tied/UserData.java</file>
            <file>file:/C:/Users/DELL/Documents/NetBeansProjects/TIED/src/tied/NewUser.java</file>
        </group>
    </open-files>
</project-private>
